Workbook

Sheet Hoja1
A1: Reducciones sobre la oferta. Value en € (tipo de cambio 1 AUD = 0,62 €); desglose por stage en AUD, que es la moneda de la oferta y del benchmark.
A2: Discpline | B2: Item | C2: Concept | D2: Value | E2: Explanation | F2: Deliverables affected | G2: Stages affected | H2: Escenario | I2: Valor AUD | J2: Valor aislado AUD (vs oferta original) | K2: S1 (AUD) | L2: S2 (AUD) | M2: S3 (AUD) | N2: S4 (AUD) | O2: S5 (AUD) | P2: S6 (AUD) | Q2: S7 (AUD)
A3: Nuclear | B3: 1 | C3: Reworks | D3: 29088.285 | E3: Se quita entero el retrabajo del 35% incluido en las tareas de IDOM del Stage 2: se asume que todo sale bien a la primera. Calculado sobre lo que queda de IDOM en S2 tras el descoping y el ajuste del S1 (aislado: 139,097 AUD). | F3: n/a | G3: S2 | H3: 1 y 2 | I3: 46916.588 | J3: 139096.5 | K3: 0 | L3: 46916.588 | M3: 0 | N3: 0 | O3: 0 | P3: 0 | Q3: 0
A4: Nuclear | B4: 2 | C4: SSC descoping | D4: 775407.73 | E4: Descoping de los entregables SSC (Categorisation Report, Register, Engineering Schedule & V&V Report y Design Substantiation Report), incluida la parte de Plan Safe en S28 y S29, en los stages S1-S5. | F4: S26, S27, S28, S29 | G4: S1-S5 | H4: 1 y 2 | I4: 1250657.6 | J4: 1250657.6 | K4: 0 | L4: 99735.825 | M4: 278487.83 | N4: 624849.22 | O4: 247584.75 | P4: 0 | Q4: 0
A5: Nuclear | B5: 3 | C5: Commercial dIscount | D5: 102903.87 | E5: 4% de descuento sobre lo que cobra IDOM, después del resto de reducciones (aislado sobre IDOM original: 234,329 AUD). | F5: n/a | G5: All | H5: 1 y 2 | I5: 165973.99 | J5: 234328.72 | K5: 1355.4192 | L5: 5219.864 | M5: 36700.233 | N5: 78139.925 | O5: 5764.8862 | P5: 22741.692 | Q5: 16051.968
A6: Nuclear | B6: 4 | C6: S1 deliverable adjustment | D6: 244121.2 | E6: Solo dos semanas de trabajo: una emisión sin revisión en el Stage 1, 165 h y 38,675 AUD (≈2,2 autores senior al 100 % durante 10 días laborables). Se elimina la actualización del Stage 2. | F6: S1 | G6: S1, S2 | H6: 1 y 2 | I6: 393743.88 | J6: 393743.88 | K6: 109504.68 | L6: 284239.2 | M6: 0 | N6: 0 | O6: 0 | P6: 0 | Q6: 0
A7: Nuclear | B7: 5 | C7: Viajes | D7: 70000 | E7: Se quitan los viajes: 70,000 EUR (112,903 AUD), repartidos por stage según lo que factura IDOM. | F7: n/a | G7: All | H7: 1 y 2 | I7: 112903.23 | J7: 112903.23 | K7: 922.0192 | L7: 3550.7943 | M7: 24965.205 | N7: 53154.411 | O7: 3921.5438 | P7: 15469.957 | Q7: 10919.295
A8: Nuclear | B8: 6 | C8: Plansafe | D8: 757463.63 | E8: ="Se quitan a Plan Safe sus entregables propios de human factors (HFIP, HFHICP, HF Task Assessments y HF Substantiation Report). Mantiene su parte de los entregables compartidos." -> Se quitan a Plan Safe sus entregables propios de human factors (HFIP, HFHICP, HF Task Assessments y HF Substantiation Report). Mantiene su parte de los entregables compartidos. | F8: S2, S3, S8, S30 | G8: S1-S7 | H8: Solo 2 | I8: 1221715.5 | J8: 1221715.5 | K8: 108067.05 | L8: 158866.58 | M8: 189806.4 | N8: 433104.63 | O8: 128533.12 | P8: 146889.75 | Q8: 56448
A9: Farma | B9: 7 | C9: Descuento Farma (a completar) | D9: 0 | H9: Farma | I9: =SUM(K9:Q9) -> 0 | J9: =I9 -> 0
A10: Farma | B10: 8 | D10: 0 | H10: Farma | I10: =SUM(K10:Q10) -> 0 | J10: =I10 -> 0
A11: Farma | B11: 9 | D11: 0 | H11: Farma | I11: =SUM(K11:Q11) -> 0 | J11: =I11 -> 0
A12: Farma | B12: 10 | D12: 0 | H12: Farma | I12: =SUM(K12:Q12) -> 0 | J12: =I12 -> 0
A13: Farma | B13: 11 | D13: 0 | H13: Farma | I13: =SUM(K13:Q13) -> 0 | J13: =I13 -> 0
C15: Total reducción Nuclear · Escenario 1 | D15: =SUMPRODUCT((D3:D8)*($H$3:$H$8="1 y 2")) -> 1221521.1 | I15: =SUMPRODUCT((I3:I8)*($H$3:$H$8="1 y 2")) -> 1970195.3 | K15: =SUMPRODUCT((K3:K8)*($H$3:$H$8="1 y 2")) -> 111782.11 | L15: =SUMPRODUCT((L3:L8)*($H$3:$H$8="1 y 2")) -> 439662.27 | M15: =SUMPRODUCT((M3:M8)*($H$3:$H$8="1 y 2")) -> 340153.26 | N15: =SUMPRODUCT((N3:N8)*($H$3:$H$8="1 y 2")) -> 756143.56 | O15: =SUMPRODUCT((O3:O8)*($H$3:$H$8="1 y 2")) -> 257271.18 | P15: =SUMPRODUCT((P3:P8)*($H$3:$H$8="1 y 2")) -> 38211.649 | Q15: =SUMPRODUCT((Q3:Q8)*($H$3:$H$8="1 y 2")) -> 26971.264
C16: Total reducción Nuclear · Escenario 2 | D16: =SUM(D3:D8) -> 1978984.7 | I16: =SUM(I3:I8) -> 3191910.8 | K16: =SUM(K3:K8) -> 219849.16 | L16: =SUM(L3:L8) -> 598528.85 | M16: =SUM(M3:M8) -> 529959.66 | N16: =SUM(N3:N8) -> 1189248.2 | O16: =SUM(O3:O8) -> 385804.31 | P16: =SUM(P3:P8) -> 185101.4 | Q16: =SUM(Q3:Q8) -> 83419.264
C17: Total reducción Farma | D17: =SUM(D9:D13) -> 0 | I17: =SUM(I9:I13) -> 0 | K17: =SUM(K9:K13) -> 0 | L17: =SUM(L9:L13) -> 0 | M17: =SUM(M9:M13) -> 0 | N17: =SUM(N9:N13) -> 0 | O17: =SUM(O9:O13) -> 0 | P17: =SUM(P9:P13) -> 0 | Q17: =SUM(Q9:Q13) -> 0
A19: Filas Farma (amarillo claro): Farma rellena concepto, explicación y el importe de cada descuento en su stage (AUD). Se suman solas en Value y en la tabla FARMA de Hoja2.
A20: Las reducciones nucleares se aplican en cadena y sin doble conteo: SSC → ajuste S1 → retrabajo → viajes → descuento comercial. «Valor aislado» = lo que valdría cada una por separado frente a la oferta original.

Sheet Hoja2
A2: NUCLEAR (AUD)
A3: Stage | B3: Original oferta | C3: Escenario 1: con plansafe | D3: Escenario 2: sin plansafe | E3: Benchmark Synertec | F3: % Reducción Esc. 1 | G3: % Reducción Esc. 2 | H3: % Diferencia synertec Esc. 1 | I3: % Diferencia synertec Esc. 2
A4: S1 | B4: 335082.83 | C4: 223300.71 | D4: 115233.66 | E4: 106000 | F4: =IF(B4=0,0,1-C4/B4) -> 0.33359547 | G4: =IF(B4=0,0,1-D4/B4) -> 0.65610395 | H4: =IF(C4=0,0,(E4-C4)/C4) -> -0.5253038 | I4: =IF(D4=0,0,(E4-D4)/D4) -> -0.080129898
A5: S2 | B5: 732839.1 | C5: 293176.83 | D5: 134310.25 | E5: 453000 | F5: =IF(B5=0,0,1-C5/B5) -> 0.5999438 | G5: =IF(B5=0,0,1-D5/B5) -> 0.81672614 | H5: =IF(C5=0,0,(E5-C5)/C5) -> 0.54514258 | I5: =IF(D5=0,0,(E5-D5)/D5) -> 2.3727879
A6: S3 | B6: 1469323.8 | C6: 1129170.5 | D6: 939364.14 | E6: 1250000 | F6: =IF(B6=0,0,1-C6/B6) -> 0.23150327 | G6: =IF(B6=0,0,1-D6/B6) -> 0.36068269 | H6: =IF(C6=0,0,(E6-C6)/C6) -> 0.10700728 | I6: =IF(D6=0,0,(E6-D6)/D6) -> 0.33068738
A7: S4 | B7: 3183882.6 | C7: 2427739 | D7: 1994634.4 | E7: 1455000 | F7: =IF(B7=0,0,1-C7/B7) -> 0.23749103 | G7: =IF(B7=0,0,1-D7/B7) -> 0.37352138 | H7: =IF(C7=0,0,(E7-C7)/C7) -> -0.40067692 | I7: =IF(D7=0,0,(E7-D7)/D7) -> -0.270543
A8: S5 | B8: 540610.88 | C8: 283339.69 | D8: 154806.57 | E8: 370000 | F8: =IF(B8=0,0,1-C8/B8) -> 0.47588976 | G8: =IF(B8=0,0,1-D8/B8) -> 0.71364511 | H8: =IF(C8=0,0,(E8-C8)/C8) -> 0.30585303 | I8: =IF(D8=0,0,(E8-D8)/D8) -> 1.3900794
A9: S6 | B9: 775079.55 | C9: 736867.9 | D9: 589978.15 | E9: 102000 | F9: =IF(B9=0,0,1-C9/B9) -> 0.049300293 | G9: =IF(B9=0,0,1-D9/B9) -> 0.238816 | H9: =IF(C9=0,0,(E9-C9)/C9) -> -0.86157627 | I9: =IF(D9=0,0,(E9-D9)/D9) -> -0.82711224
A10: S7 | B10: 493905.3 | C10: 466934.04 | D10: 410486.04 | E10: 73000 | F10: =IF(B10=0,0,1-C10/B10) -> 0.054608168 | G10: =IF(B10=0,0,1-D10/B10) -> 0.16889728 | H10: =IF(C10=0,0,(E10-C10)/C10) -> -0.843661 | I10: =IF(D10=0,0,(E10-D10)/D10) -> -0.82216204
A11: TOTAL | B11: =SUM(B4:B10) -> 7530724 | C11: =SUM(C4:C10) -> 5560528.7 | D11: =SUM(D4:D10) -> 4338813.2 | E11: =SUM(E4:E10) -> 3809000 | F11: =IF(B11=0,0,1-C11/B11) -> 0.26162097 | G11: =IF(B11=0,0,1-D11/B11) -> 0.42385179 | H11: =IF(C11=0,0,(E11-C11)/C11) -> -0.3149932 | I11: =IF(D11=0,0,(E11-D11)/D11) -> -0.12211016
A12: FARMA (AUD) — a completar por Farma
A13: Stage | B13: Original oferta | C13: Escenario Farma | D13: Descuentos Farma | E13: Benchmark Farma | F13: % Reducción | G13: % Diferencia benchmark
A14: S1 | C14: =B14-D14 -> 0 | D14: =Hoja1!K17 -> 0 | F14: =IF(N(B14)=0,0,1-C14/B14) -> 0 | G14: =IF(N(C14)=0,0,(N(E14)-C14)/C14) -> 0
A15: S2 | C15: =B15-D15 -> 0 | D15: =Hoja1!L17 -> 0 | F15: =IF(N(B15)=0,0,1-C15/B15) -> 0 | G15: =IF(N(C15)=0,0,(N(E15)-C15)/C15) -> 0
A16: S3 | C16: =B16-D16 -> 0 | D16: =Hoja1!M17 -> 0 | F16: =IF(N(B16)=0,0,1-C16/B16) -> 0 | G16: =IF(N(C16)=0,0,(N(E16)-C16)/C16) -> 0
A17: S4 | C17: =B17-D17 -> 0 | D17: =Hoja1!N17 -> 0 | F17: =IF(N(B17)=0,0,1-C17/B17) -> 0 | G17: =IF(N(C17)=0,0,(N(E17)-C17)/C17) -> 0
A18: S5 | C18: =B18-D18 -> 0 | D18: =Hoja1!O17 -> 0 | F18: =IF(N(B18)=0,0,1-C18/B18) -> 0 | G18: =IF(N(C18)=0,0,(N(E18)-C18)/C18) -> 0
A19: S6 | C19: =B19-D19 -> 0 | D19: =Hoja1!P17 -> 0 | F19: =IF(N(B19)=0,0,1-C19/B19) -> 0 | G19: =IF(N(C19)=0,0,(N(E19)-C19)/C19) -> 0
A20: S7 | C20: =B20-D20 -> 0 | D20: =Hoja1!Q17 -> 0 | F20: =IF(N(B20)=0,0,1-C20/B20) -> 0 | G20: =IF(N(C20)=0,0,(N(E20)-C20)/C20) -> 0
A21: TOTAL | B21: =SUM(B14:B20) -> 0 | C21: =SUM(C14:C20) -> 0 | D21: =SUM(D14:D20) -> 0 | E21: =SUM(E14:E20) -> 0 | F21: =IF(B21=0,0,1-C21/B21) -> 0 | G21: =IF(C21=0,0,(E21-C21)/C21) -> 0
A22: Farma rellena la oferta original y su benchmark por stage (amarillo claro); sus descuentos vienen de las filas Farma de Hoja1. Escenario único.
A24: TOTAL NUCLEAR + FARMA (AUD)
A25: Stage | B25: Original oferta | C25: Escenario 1: con plansafe + Farma | D25: Escenario 2: sin plansafe + Farma | E25: Benchmark (Synertec + Farma) | F25: % Reducción Esc. 1 | G25: % Reducción Esc. 2 | H25: % Diferencia benchmark Esc. 1 | I25: % Diferencia benchmark Esc. 2
A26: S1 | B26: =B4+N(B14) -> 335082.83 | C26: =C4+C14 -> 223300.71 | D26: =D4+C14 -> 115233.66 | E26: =E4+N(E14) -> 106000 | F26: =IF(B26=0,0,1-C26/B26) -> 0.33359547 | G26: =IF(B26=0,0,1-D26/B26) -> 0.65610395 | H26: =IF(C26=0,0,(E26-C26)/C26) -> -0.5253038 | I26: =IF(D26=0,0,(E26-D26)/D26) -> -0.080129898
A27: S2 | B27: =B5+N(B15) -> 732839.1 | C27: =C5+C15 -> 293176.83 | D27: =D5+C15 -> 134310.25 | E27: =E5+N(E15) -> 453000 | F27: =IF(B27=0,0,1-C27/B27) -> 0.5999438 | G27: =IF(B27=0,0,1-D27/B27) -> 0.81672614 | H27: =IF(C27=0,0,(E27-C27)/C27) -> 0.54514258 | I27: =IF(D27=0,0,(E27-D27)/D27) -> 2.3727879
A28: S3 | B28: =B6+N(B16) -> 1469323.8 | C28: =C6+C16 -> 1129170.5 | D28: =D6+C16 -> 939364.14 | E28: =E6+N(E16) -> 1250000 | F28: =IF(B28=0,0,1-C28/B28) -> 0.23150327 | G28: =IF(B28=0,0,1-D28/B28) -> 0.36068269 | H28: =IF(C28=0,0,(E28-C28)/C28) -> 0.10700728 | I28: =IF(D28=0,0,(E28-D28)/D28) -> 0.33068738
A29: S4 | B29: =B7+N(B17) -> 3183882.6 | C29: =C7+C17 -> 2427739 | D29: =D7+C17 -> 1994634.4 | E29: =E7+N(E17) -> 1455000 | F29: =IF(B29=0,0,1-C29/B29) -> 0.23749103 | G29: =IF(B29=0,0,1-D29/B29) -> 0.37352138 | H29: =IF(C29=0,0,(E29-C29)/C29) -> -0.40067692 | I29: =IF(D29=0,0,(E29-D29)/D29) -> -0.270543
A30: S5 | B30: =B8+N(B18) -> 540610.88 | C30: =C8+C18 -> 283339.69 | D30: =D8+C18 -> 154806.57 | E30: =E8+N(E18) -> 370000 | F30: =IF(B30=0,0,1-C30/B30) -> 0.47588976 | G30: =IF(B30=0,0,1-D30/B30) -> 0.71364511 | H30: =IF(C30=0,0,(E30-C30)/C30) -> 0.30585303 | I30: =IF(D30=0,0,(E30-D30)/D30) -> 1.3900794
A31: S6 | B31: =B9+N(B19) -> 775079.55 | C31: =C9+C19 -> 736867.9 | D31: =D9+C19 -> 589978.15 | E31: =E9+N(E19) -> 102000 | F31: =IF(B31=0,0,1-C31/B31) -> 0.049300293 | G31: =IF(B31=0,0,1-D31/B31) -> 0.238816 | H31: =IF(C31=0,0,(E31-C31)/C31) -> -0.86157627 | I31: =IF(D31=0,0,(E31-D31)/D31) -> -0.82711224
A32: S7 | B32: =B10+N(B20) -> 493905.3 | C32: =C10+C20 -> 466934.04 | D32: =D10+C20 -> 410486.04 | E32: =E10+N(E20) -> 73000 | F32: =IF(B32=0,0,1-C32/B32) -> 0.054608168 | G32: =IF(B32=0,0,1-D32/B32) -> 0.16889728 | H32: =IF(C32=0,0,(E32-C32)/C32) -> -0.843661 | I32: =IF(D32=0,0,(E32-D32)/D32) -> -0.82216204
A33: TOTAL | B33: =SUM(B26:B32) -> 7530724 | C33: =SUM(C26:C32) -> 5560528.7 | D33: =SUM(D26:D32) -> 4338813.2 | E33: =SUM(E26:E32) -> 3809000 | F33: =IF(B33=0,0,1-C33/B33) -> 0.26162097 | G33: =IF(B33=0,0,1-D33/B33) -> 0.42385179 | H33: =IF(C33=0,0,(E33-C33)/C33) -> -0.3149932 | I33: =IF(D33=0,0,(E33-D33)/D33) -> -0.12211016
A36: NUCLEAR · reparto por empresa (AUD)
A37: Empresa | B37: Original oferta | C37: Escenario 1: con plansafe | D37: Escenario 2: sin plansafe | E37: Reducción Esc. 1 | F37: Reducción Esc. 2
A38: IDOM | B38: 5858217.9 | C38: 3983375.7 | D38: 3983375.7 | E38: =B38-C38 -> 1874842.2 | F38: =B38-D38 -> 1874842.2
A39: Plan Safe | B39: 1593670 | C39: 1498316.9 | D39: 276601.38 | E39: =B39-C39 -> 95353.09 | F39: =B39-D39 -> 1317068.6
A40: INVAP | B40: 78836.1 | C40: 78836.1 | D40: 78836.1 | E40: =B40-C40 -> 0 | F40: =B40-D40 -> 0
A41: TOTAL | B41: =SUM(B38:B40) -> 7530724 | C41: =SUM(C38:C40) -> 5560528.7 | D41: =SUM(D38:D40) -> 4338813.2 | E41: =SUM(E38:E40) -> 1970195.3 | F41: =SUM(F38:F40) -> 3191910.8
A43: % Reducción = 1 − escenario / original. % Diferencia = (benchmark − escenario) / escenario (negativo = el benchmark está por debajo). Importes en AUD, moneda de la oferta y del benchmark de Synertec.
